Телефон;ВКонтакте;WhatsApp;Instagram
tel:+79160056785;https://vk.com/footbolika_moscow3;https://msng.link/wa/79160056785;https://www.instagram.com/footbolika_moscow3/
tel:+79673468190;https://vk.com/footbolika_moscow;https://msng.link/wa/+79673468190;https://www.instagram.com/footbolika_msk/
tel:+79160056785;https://vk.com/footbolika_moscow3;https://msng.link/wa/79160056785;https://www.instagram.com/footbolika_moscow3/
tel:+79673468190;https://vk.com/footbolika_moscow_nagornyi;https://msng.link/wa/79673468190;https://instagram.com/moscow_nagorniy@footbolika.ru
tel:+79673468190;https://vk.com/footbolika_moscow;https://msng.link/wa/79673468190;https://www.instagram.com/footbolika_msk/
tel:+79199610682;https://vk.com/footbolika_msk2;https://msng.link/wa/79199610682;https://instagram.com/footbolika_msk2?igshid=u7opgnbnl51a
tel:+79199610682;https://vk.com/footbolika_msk2;https://msng.link/wa/79199610682;https://instagram.com/footbolika_msk2?igshid=1isr5e5kputi4
tel:+79160056785;https://vk.com/footbolika_sokol_shukino;https://msng.link/wa/79160056785;https://www.instagram.com/footbolika_sokol_shukino/
tel:+79031771586;https://vk.com/footbolika_moscow_sao;https://msng.link/wa/79031771586;https://www.instagram.com/footbolika_moscow_sao/
tel:+79031771586;https://vk.com/footbolika_moscow_sao;https://msng.link/wa/79031771586;https://www.instagram.com/footbolika_moscow_sao/
tel:+79916150960;https://vk.com/footbolika_solncevo;https://msng.link/wa/79916150960;https://instagram.com/footbolika_solncevo
tel:+79916150960;https://vk.com/footbolika_solncevo;https://msng.link/wa/79916150960;https://instagram.com/footbolika_solncevo
tel:+79673468190;https://vk.com/footbolika_moscow?amp%3Bref=feed_notifications;https://msng.link/wa/+79673468190;https://www.instagram.com/footbolika_msk/
tel:+79199610682;Нет информации;https://msng.link/wa/79199610682;Нет информации
tel:+79160056785;https://vk.com/footbolika_moscow3;https://msng.link/wa/79160056785;https://www.instagram.com/footbolika_moscow3/
tel:+79673468190;https://vk.com/footbolika_moscow;https://msng.link/wa/79673468190;https://www.instagram.com/footbolika_msk/
