Артикул;Наименование;Цена;Наличие;Ссылка на товар
код: 15108400;Ленточная шлифмашина Ryobi EBS800V 5133001146;"
    10 094 р.

    ";"
    В наличии
    1
    шт.
  ";https://spb.vseinstrumenti.ru/product/lentochnaya-shlifmashina-ryobi-ebs800v-5133001146-517603/
код: 15978032;Ленточная шлифмашина Ресанта ЛШМ-75/900 75/6/1;"
    6 390 р.

    ";"
    В наличии
    1
    шт.
  ";https://spb.vseinstrumenti.ru/product/lentochnaya-shlifmashina-resanta-lshm-75-900-75-6-1-1093510/
код: 15424182;Ленточная шлифмашина ВИХРЬ ЛШМ-75/900 72/6/2;"
    5 490 р.

    ";"
    В наличии
    9
    шт.
  ";https://spb.vseinstrumenti.ru/product/lentochnaya-shlifmashina-vihr-lshm-75-900-72-6-2-685493/
код: 15643035;Ленточношлифовальная машина ДИОЛД МШЛ-1У 10046050;"
    5 442 р.

    ";"
    В наличии
    1
    шт.
  ";https://spb.vseinstrumenti.ru/product/lentochnoshlifovalnaya-mashina-diold-mshl-1u-10046050-830769/
код: 15453278;Ленточная шлифмашина Энкор ЛМЭ-330/457 50289;"
    4 719 р.

    ";"
    В наличии
    1
    шт.
  ";https://spb.vseinstrumenti.ru/product/lentochnaya-shlifmashina-enkor-lme-330-457-50289-692294/
код: 15747105;Ленточная шлифовальная машина PATRIOT BS 900 110301505;"
    6 990 р.

    ";"
    В наличии
    1
    шт.
  ";https://spb.vseinstrumenti.ru/product/lentochnaya-shlifovalnaya-mashina-patriot-bs-900-110301505-871090/
код: 16413145;Электрическая ленточная шлифмашина WORX 950 Вт WX661.1;"
    8 610 р.

    ";"
    В наличии
    3
    шт.
  ";https://spb.vseinstrumenti.ru/product/elektricheskaya-lentochnaya-shlifmashina-worx-950-vt-wx661-1-1457826/
код: 15261967;Ленточная шлифмашина Bosch PBS 75 A 0.603.2A1.020;"
    9 301 р.

    ";"
    В наличии
    2
    шт.
  ";https://spb.vseinstrumenti.ru/product/lentochnaya-shlifmashina-bosch-pbs-75-a-0-603-2a1-020-550871/
код: 23243493;Ленточная шлифмашина DEKO DKBS1300 1300 Вт 063-4333;"
    5 243 р.

    ";"
    В наличии
    4
    шт.
  ";https://spb.vseinstrumenti.ru/product/lentochnaya-shlifmashina-deko-dkbs1300-1300-vt-063-4333-4991268/
код: 15734972;Бесщеточная ленточная шлифмашина AEG BHBS18-75BL-0 4935459582;"
    20 533 р.

    ";"
    В наличии
    > 100
    шт.
  ";https://spb.vseinstrumenti.ru/product/besschetochnaya-lentochnaya-shlifmashina-aeg-bhbs18-75bl-0-4935459582-861533/
код: 16304817;Ленточная пневмошлифмашина Byemax BM-7703;"
    10 756 р.

    ";"
    В наличии
    2
    шт.
  ";https://spb.vseinstrumenti.ru/product/lentochnaya-pnevmoshlifmashina-byemax-bm-7703-1372606/
код: 18964278;Напильник для лент RoxelPro 192512;"
    14 735 р.

    ";"
    В наличии
    2
    шт.
  ";https://spb.vseinstrumenti.ru/product/napilnik-dlya-lent-roxelpro-192512-1970279/
код: 15493499;Ленточная шлифмашина Sturm BS8511U;"
    8 590 р.

    ";Нет в наличии;https://spb.vseinstrumenti.ru/product/lentochnaya-shlifmashina-sturm-bs8511u-721011/
код: 16435938;Ленточный напильник MESSER M3335 10-40-811;"
    9 232 р.

    ";Нет в наличии;https://spb.vseinstrumenti.ru/product/lentochnyj-napilnik-messer-m3335-10-40-811-1502668/
код: 1114;Ленточная шлифмашина Makita 9032;"
    24 359 р.

    ";Нет в наличии;https://spb.vseinstrumenti.ru/product/lentochnaya-shlifmashina-makita-9032-1114/
код: 13903530;Ленточная шлифмашина AEG HBS 1000 E 4935413205;"
    19 796 р.

    ";Нет в наличии;https://spb.vseinstrumenti.ru/product/lentochnaya-shlifmashina-aeg-hbs-1000-e-4935413205-130756/
код: 15469050;Ленточная шлифовальная машина ЗУБР ЗЛШМ-76-950;"
    5 490 р.

    ";Нет в наличии;https://spb.vseinstrumenti.ru/product/lentochnaya-shlifovalnaya-mashina-zubr-zlshm-76-950-705877/
код: 15631028;Ленточная шлифмашина Энкор ЛМЭ-600/457Э 50286;"
    4 267 р.

    ";Нет в наличии;https://spb.vseinstrumenti.ru/product/lentochnaya-shlifmashina-enkor-lme-600-457e-50286-819625/
код: 24467157;Ленточная шлифовальная машина Hanskonner HBS8512;"
    10 950 р.

    ";Нет в наличии;https://spb.vseinstrumenti.ru/product/lentochnaya-shlifovalnaya-mashina-hanskonner-hbs8512-6099079/
код: 15703833;Ленточная шлифмашина AEG BBSE 1100 4935413530;"
    25 802 р.

    ";Нет в наличии;https://spb.vseinstrumenti.ru/product/lentochnaya-shlifmashina-aeg-bbse-1100-4935413530-852157/
код: 15631029;Ленточная шлифмашина Энкор ЛМЭ-900/533Э 50287;"
    5 660 р.

    ";Нет в наличии;https://spb.vseinstrumenti.ru/product/lentochnaya-shlifmashina-enkor-lme-900-533e-50287-819632/
код: 15424181;Ленточная шлифмашина ВИХРЬ ЛШМ-75/800 72/6/1;"
    4 990 р.

    ";Нет в наличии;https://spb.vseinstrumenti.ru/product/lentochnaya-shlifmashina-vihr-lshm-75-800-72-6-1-685491/
код: 18556051;Ленточная шлифовальная машина FAVOURITE BS 100/610;"
    8 000 р.

    ";Нет в наличии;https://spb.vseinstrumenti.ru/product/lentochnaya-shlifovalnaya-mashina-favourite-bs-100-610-1912674/
код: 16431091;Трехроликовая ленточная шлифовальная машина MESSER M3336;"
    33 174 р.

    ";Нет в наличии;https://spb.vseinstrumenti.ru/product/trehrolikovaya-lentochnaya-shlifovalnaya-mashina-messer-m3336-1483975/
код: 19642854;Ленточная шлифмашина Пульсар ЛШМ 800 793-824;"
    3 890 р.

    ";Нет в наличии;https://spb.vseinstrumenti.ru/product/lentochnaya-shlifmashina-pulsar-lshm-800-793-824-2027752/
код: 15622376;Двухроликовая ленточная шлифовальная машина MESSER M3025 10-40-626;"
    30 392 р.

    ";Нет в наличии;https://spb.vseinstrumenti.ru/product/dvuhrolikovaya-lentochnaya-shlifovalnaya-mashina-messer-m3025-10-40-626-809952/
код: 13650322;Ленточная шлифмашина Интерскол ЛШМ-100/1200Э 72.1.1.00;"
    10 806 р.

    ";Нет в наличии;https://spb.vseinstrumenti.ru/product/lentochnaya-shlifmashina-interskol-lshm-100-1200e-72-1-1-00-57821/
код: 16424278;Ленточная шлифовальная машина ВИТЯЗЬ ЛШМ-750 18015019;"
    6 079 р.

    ";Нет в наличии;https://spb.vseinstrumenti.ru/product/lentochnaya-shlifovalnaya-mashina-vityaz-lshm-750-18015019-1480234/
код: 19642878;Ленточная шлифмашина Пульсар ЛШМ 1000C 793-831;"
    4 350 р.

    ";Нет в наличии;https://spb.vseinstrumenti.ru/product/lentochnaya-shlifmashina-pulsar-lshm-1000c-793-831-2027754/
код: 15610631;Ленточная шлифмашина Калибр ЛШМ-1000УЕ 00000061903;"
    5 251 р.

    ";Нет в наличии;https://spb.vseinstrumenti.ru/product/lentochnaya-shlifmashina-kalibr-lshm-1000ue-00000061903-797088/
код: 21540346;Ленточная шлифмашина WORTEX SB 7575 AE SB7575AE01310;"
    6 110 р.

    ";Нет в наличии;https://spb.vseinstrumenti.ru/product/lentochnaya-shlifmashina-wortex-sb-7575-ae-sb7575ae01310-3205670/
код: 15643032;Ленточношлифовальная машина ДИОЛД МШЛ-0.8 10046010;"
    3 938 р.

    ";Нет в наличии;https://spb.vseinstrumenti.ru/product/lentochnoshlifovalnaya-mashina-diold-mshl-0-8-10046010-830767/
код: 15984833;Ленточная шлифовальная машина REDVERG Basic BS800 6622815;"
    3 890 р.

    ";Нет в наличии;https://spb.vseinstrumenti.ru/product/lentochnaya-shlifovalnaya-mashina-redverg-basic-bs800-6622815-1114234/
код: 16126315;Ленточная шлифовальная машина Oasis GL-80 4640039480471;"
    4 485 р.

    ";Нет в наличии;https://spb.vseinstrumenti.ru/product/lentochnaya-shlifovalnaya-mashina-oasis-gl-80-4640039480471-1210677/
код: 15622375;Трехроликовая ленточная шлифовальная машина MESSER M3016 10-40-765;"
    42 624 р.

    ";Нет в наличии;https://spb.vseinstrumenti.ru/product/trehrolikovaya-lentochnaya-shlifovalnaya-mashina-messer-m3016-10-40-765-809953/
код: 16203782;Шлифовальная машина STATUS BS75 3140301;"
    5 076 р.

    ";Нет в наличии;https://spb.vseinstrumenti.ru/product/shlifovalnaya-mashina-status-bs75-3140301-1302066/
код: 16203928;Шлифовальная машина STATUS BS75M 3140401;"
    6 112 р.

    ";Нет в наличии;https://spb.vseinstrumenti.ru/product/shlifovalnaya-mashina-status-bs75m-3140401-1301022/
код: 16173893;Ленточная шлифовальная машина Кратон BS-1300-100 3 05 02 006;"
    11 910 р.

    ";Нет в наличии;https://spb.vseinstrumenti.ru/product/lentochnaya-shlifovalnaya-mashina-kraton-bs-1300-100-3-05-02-006-1263613/
код: 15698345;Ленточная шлифмашина DWT BS09-75 V 5.1.9;"
    7 196 р.

    ";Нет в наличии;https://spb.vseinstrumenti.ru/product/lentochnaya-shlifmashina-dwt-bs09-75-v-5-1-9-848502/
код: 27630936;Ленточная шлифовальная машина ТЕН tbs3712 20265;"
    13 500 р.

    ";Нет в наличии;https://spb.vseinstrumenti.ru/product/lentochnaya-shlif-mashina-tbs3712-ten-20265-8480175/
код: 21541810;Ленточная шлифмашина WORTEX SB 7590 AE SB7590AE01321;"
    7 300 р.

    ";Нет в наличии;https://spb.vseinstrumenti.ru/product/lentochnaya-shlifmashina-wortex-sb-7590-ae-sb7590ae01321-3205676/
код: 16450070;Сатинировальная и ленточная машина для шлифования труб FLEX BSE 14-3 InoxSet 3in1 Max 483516;"
    229 900 р.

    ";Нет в наличии;https://spb.vseinstrumenti.ru/product/satinirovalnaya-i-lentochnaya-mashina-dlya-shlifovaniya-trub-flex-bse-14-3-inoxset-3in1-max-483516-1586500/
код: 15958402;Ленточная шлифовальная машина Ставр ЛШМ-1100 СТ;"
    6 412 р.

    ";Нет в наличии;https://spb.vseinstrumenti.ru/product/lentochnaya-shlifovalnaya-mashina-stavr-lshm-1100-st-1082415/
код: 27701016;Четырехроликовая ленточная шлифмашина MESSER M3334 10-41-334;"
    28 077 р.

    ";Нет в наличии;https://spb.vseinstrumenti.ru/product/chetyrehrolikovaya-lentochnaya-shlifmashina-m3334-messer-10-41-334-8589374/
код: 16468360;Ленточная шлифмашина WERT EBS 0875E;"
    4 490 р.

    ";Нет в наличии;https://spb.vseinstrumenti.ru/product/lentochnaya-shlifmashina-wert-ebs-0875e-1543664/
код: 15740876;Ленточная машина для шлифования труб FLEX TRINOXFLEX, BRE 14-3 125 Set 433446;"
    183 100 р.

    ";Нет в наличии;https://spb.vseinstrumenti.ru/product/lentochnaya-mashina-dlya-shlifovaniya-trub-flex-trinoxflex-bre-14-3-125-set-433446-868971/
код: 16173882;Ленточная шлифовальная машина Кратон BS-900-75 3 05 02 004;"
    6 050 р.

    ";Нет в наличии;https://spb.vseinstrumenti.ru/product/lentochnaya-shlifovalnaya-mashina-kraton-bs-900-75-3-05-02-004-1263610/
код: 20248984;Ленточная шлифовальная машина PATRIOT BS 120 110301512;"
    12 490 р.

    ";Нет в наличии;https://spb.vseinstrumenti.ru/product/lentochnaya-shlifovalnaya-mashina-patriot-bs-120-110301512-2108748/
код: 16180280;Ленточная шлифмашина Alteco BS 950 30115;"
    5 848 р.

    ";Нет в наличии;https://spb.vseinstrumenti.ru/product/lentochnaya-shlifmashina-alteco-bs-950-30115-1279669/
код: 15780632;Ленточная и сатинировальная машина FLEX TRINOX BSE 14-3 INOX Set 433454;"
    203 600 р.

    ";Нет в наличии;https://spb.vseinstrumenti.ru/product/lentochnaya-i-satinirovalnaya-mashina-flex-trinox-bse-14-3-inox-set-433454-895479/
код: 16348361;Ленточная шлифовальная машина FAVOURITE BS 76/533;"
    5 425 р.

    ";Нет в наличии;https://spb.vseinstrumenti.ru/product/lentochnaya-shlifovalnaya-mashina-favourite-bs-76-533-1406997/
код: 15740875;Ленточная машина для шлифования сварных швов и труб FLEX LBR 1506 VRA 282499;"
    92 800 р.

    ";Нет в наличии;https://spb.vseinstrumenti.ru/product/lentochnaya-mashina-dlya-shlifovaniya-svarnyh-shvov-i-trub-flex-lbr-1506-vra-282499-868972/
код: 16173920;Ленточная шлифовальная машина Кратон BS-1000-75 3 05 02 005;"
    5 760 р.

    ";Нет в наличии;https://spb.vseinstrumenti.ru/product/lentochnaya-shlifovalnaya-mashina-kraton-bs-1000-75-3-05-02-005-1263598/
код: 13675478;Ленточная шлифовальная машина Sturm BS8580;"
    5 990 р.

    ";Нет в наличии;https://spb.vseinstrumenti.ru/product/lentochnaya-shlifovalnaya-mashina-sturm-bs8580-61302/
код: 22064464;Ленточная шлифовальная машина Электроприбор ЛШМ-950Е;"
    4 990 р.

    ";Нет в наличии;https://spb.vseinstrumenti.ru/product/lentochnaya-shlifovalnaya-mashina-elektropribor-lshm-950e-3554052/
код: 15610630;Ленточная шлифмашина Калибр ЛШМ-950Е 00000061902;"
    6 100 р.

    ";Нет в наличии;https://spb.vseinstrumenti.ru/product/lentochnaya-shlifmashina-kalibr-lshm-950e-00000061902-797087/
код: 25098141;Трехроликовая ленточная шлифовальная машина для труб Манкупер K20;"
    13 000 р.

    ";Нет в наличии;https://spb.vseinstrumenti.ru/product/trehrolikovaya-lentochnaya-shlifovalnaya-mashina-dlya-trub-mankuper-k20-6636643/
код: 21541696;Ленточная шлифмашина MOLOT MSB 7508 АЕ MSB7508АЕ0025;"
    4 370 р.

    ";Нет в наличии;https://spb.vseinstrumenti.ru/product/lentochnaya-shlifmashina-molot-msb-7508-ae-msb7508ae0025-3210140/
код: 21035368;Ленточная шлифовальная машина Креост KE-900-533;"
    6 774 р.

    ";Нет в наличии;https://spb.vseinstrumenti.ru/product/lentochnaya-shlifovalnaya-mashina-kreost-ke-900-533-2631494/
код: 22062826;Ленточная шлифовальная машина Felisatti ЛШМ-76/900 16.5.1.00;"
    6 216 р.

    ";Нет в наличии;https://spb.vseinstrumenti.ru/product/lentochnaya-shlifovalnaya-mashina-felisatti-lshm-76-900-16-5-1-00-3602412/
код: 20398738;Ленточная шлифмашина БУЛАТ 1200 Вт ЛШМ 76/533;"
    5 898 р.

    ";Нет в наличии;https://spb.vseinstrumenti.ru/product/lentochnaya-shlifmashina-bulat-lshm-76-533-2152929/
код: 16339633;Ленточная шлифмашина Энергомаш 800Вт ЛШМ1-800;"
    6 010 р.

    ";Нет в наличии;https://spb.vseinstrumenti.ru/product/lentochnaya-shlifmashina-energomash-800vt-lshm1-800-1406509/
код: 13648448;Ленточная шлифмашина Интерскол ЛШМ-76/900 16.1.0.00;"
    5 999 р.

    ";Нет в наличии;https://spb.vseinstrumenti.ru/product/lentochnaya-shlifmashina-interskol-lshm-76-900-16-1-0-00-57422/
код: 18557893;Шлифовальная машина FERM DIY BSM1024;"
    3 990 р.

    ";Нет в наличии;https://spb.vseinstrumenti.ru/product/shlifovalnaya-mashina-ferm-diy-bsm1024-1957395/
код: 15643033;Ленточношлифовальная машина ДИОЛД МШЛ-0.95 10046020;"
    5 049 р.

    ";Нет в наличии;https://spb.vseinstrumenti.ru/product/lentochnoshlifovalnaya-mashina-diold-mshl-0-95-10046020-830768/
код: 23243499;Ленточная шлифмашина DEKO DKBS500 500 Вт 063-4334;"
    5 740 р.

    ";Нет в наличии;https://spb.vseinstrumenti.ru/product/lentochnaya-shlifmashina-deko-dkbs500-500-vt-063-4334-4991274/
код: 15477568;Ленточная шлифовальная машина BORT BBS-801N 93728007;"
    5 098 р.

    ";Нет в наличии;https://spb.vseinstrumenti.ru/product/lentochnaya-shlifovalnaya-mashina-bort-bbs-801n-93728007-706261/
код: 17388264;Лентошлифовальная машина FAVOURITE BS 76/457;"
    4 750 р.

    ";Нет в наличии;https://spb.vseinstrumenti.ru/product/lentoshlifovalnaya-mashina-favourite-bs-76-457-1748710/
код: 26885552;Трехроликовая ленточная шлифовальная машина Манкупер K16-3;"
    15 300 р.

    ";Нет в наличии;https://spb.vseinstrumenti.ru/product/trehrolikovaya-lentochnaya-shlifovalnaya-mashina-mankuper-k16-3-7937456/
код: 15501176;Ленточная шлифмашина Einhell TC-BS 8038;"
    5 829 р.

    ";Нет в наличии;https://spb.vseinstrumenti.ru/product/lentochnaya-shlifmashina-einhell-tc-bs-8038-720738/
код: 26885594;Трехроликовая ленточная шлифовальная машина для труб Манкупер K20-2;"
    15 300 р.

    ";Нет в наличии;https://spb.vseinstrumenti.ru/product/trehrolikovaya-lentochnaya-shlifovalnaya-mashina-dlya-trub-mankuper-k20-2-7939280/
код: 26885528;Двухроликовая ленточная шлифовальная машина Манкупер K25-3;"
    16 500 р.

    ";Нет в наличии;https://spb.vseinstrumenti.ru/product/dvuhrolikovaya-lentochnaya-shlifovalnaya-mashina-mankuper-k25-3-7937210/
код: 16313555;Ленточная шлифовальная машинка HAMMER Flex LSM800B 158564;"
    6 990 р.

    ";Нет в наличии;https://spb.vseinstrumenti.ru/product/lentochnaya-shlifovalnaya-mashinka-hammer-flex-lsm800b-158564-1610137/
код: 15603509;Ленточная шлифмашина Einhell TE-BS 8540 E 4466230;"
    7 850 р.

    ";Нет в наличии;https://spb.vseinstrumenti.ru/product/lentochnaya-shlifmashina-einhell-te-bs-8540-e-4466230-794822/
код: 13643550;Ленточная шлифовальная машина Калибр ЛШМ-750 00000001180;"
    3 635 р.

    ";Нет в наличии;https://spb.vseinstrumenti.ru/product/lentochnaya-shlifovalnaya-mashina-kalibr-lshm-750-00000001180-53692/
код: 16162504;Ленточная шлифмашина SLOGGER BS7553;"
    7 400 р.

    ";Нет в наличии;https://spb.vseinstrumenti.ru/product/lentochnaya-shlifmashina-slogger-bs7553-1238022/
код: 16831585;Ленточная шлифмашина Hikoki SB8V2 SB8V2NSZ;"
    12 603 р.

    ";Нет в наличии;https://spb.vseinstrumenti.ru/product/lentochnaya-shlifmashina-hikoki-sb8v2-sb8v2nsz-1649416/
код: 25841189;Ленточная шлифмашина DEKO DKBS1000, 1000 Вт, с регулировкой оборотов 063-4353;"
    4 216 р.

    ";Нет в наличии;https://spb.vseinstrumenti.ru/product/lentochnaya-shlifmashina-deko-dkbs1000-1000-vt-s-regulirovkoj-oborotov-063-4353-7335745/
код: 15895300;Ленточный напильник RYOBI ONE+ R18PF-0 5133004179;"
    8 755 р.

    ";Нет в наличии;https://spb.vseinstrumenti.ru/product/lentochnyj-napilnik-ryobi-one-r18pf-0-5133004179-965672/
код: 15610904;Ленточно-шлифовальная машинка JTC 10мм, длина 330 мм JTC-5904;"
    11 700 р.

    ";Нет в наличии;https://spb.vseinstrumenti.ru/product/lentochno-shlifovalnaya-mashinka-jtc-5904-798818/
код: 18639025;Ленточная пневмошлифмашина YATO 10х330 мм YT-09741;"
    4 641 р.

    ";Нет в наличии;https://spb.vseinstrumenti.ru/product/lentochnaya-pnevmoshlifmashina-yato-10h330-mm-yt-09741-1970340/
код: 16304815;Ленточная пневмошлифмашина Byemax BM-7705;"
    18 263 р.

    ";Нет в наличии;https://spb.vseinstrumenti.ru/product/lentochnaya-pnevmoshlifmashina-byemax-bm-7705-1372593/
код: 16304816;Ленточная пневмошлифмашина Byemax BM-7704;"
    9 387 р.

    ";Нет в наличии;https://spb.vseinstrumenti.ru/product/lentochnaya-pnevmoshlifmashina-byemax-bm-7704-1379636/
код: 20045056;Пневматическая ленточная шлифовальная машинка WIEDERKRAFT WDK-25525;"
    23 735 р.

    ";Нет в наличии;https://spb.vseinstrumenti.ru/product/pnevmaticheskaya-lentochnaya-shlifovalnaya-mashinka-wiederkraft-wdk-25525-2087491/
код: 19676176;Пневматическая ленточная шлифмашина TNT-AIR АТ-7103;"
    29 257 р.

    ";Нет в наличии;https://spb.vseinstrumenti.ru/product/pnevmaticheskaya-lentochnaya-shlifmashina-tnt-air-at-7103-2028638/
код: 20044888;Пневматическая ленточная шлифовальная машинка WIEDERKRAFT WDK-25520;"
    16 563 р.

    ";Нет в наличии;https://spb.vseinstrumenti.ru/product/pnevmaticheskaya-lentochnaya-shlifovalnaya-mashinka-wiederkraft-wdk-25520-2087490/
код: 16272716;Ленточная шлифовальная машинка ATA RALM10L;"
    49 242 р.

    ";Нет в наличии;https://spb.vseinstrumenti.ru/product/lentochnaya-shlifovalnaya-mashinka-ata-ralm10l-1353763/
код: 20754471;Ленточная пневмошлифмашинка NORDBERG NP4156;"
    6 720 р.

    ";Нет в наличии;https://spb.vseinstrumenti.ru/product/lentochnaya-pnevmoshlifmashinka-nordberg-np4156-2310904/
код: 16314616;Ленточная пневматическая шлифмашина ПНЕВМО-ТРЕЙД  PT-BS20520;"
    9 935 р.

    ";Нет в наличии;https://spb.vseinstrumenti.ru/product/lentochnaya-pnevmaticheskaya-shlifmashina-pnevmo-trejd-pt-bs20520-1395274/
код: 25299195;Пневматическая ленточная шлифовальная машинка Pneutrend 6-19x457мм 55120;"
    43 029 р.

    ";Нет в наличии;https://spb.vseinstrumenti.ru/product/pnevmaticheskaya-lentochnaya-shlifovalnaya-mashinka-pneutrend-6-19x457mm-55120-6953491/
код: 15625862;Шлифовальная машинка RODCRAFT 7155 8951072041;"
    20 240 р.

    ";Нет в наличии;https://spb.vseinstrumenti.ru/product/shlifovalnaya-mashinka-rodcraft-7155-8951072041-814056/
код: 15863352;Ленточная пневмошлифовальная машина Dynabrade Dynafile II 40320;"
    122 978 р.

    ";Нет в наличии;https://spb.vseinstrumenti.ru/product/lentochnaya-pnevmoshlifovalnaya-mashina-dynabrade-dynafile-ii-40320-945721/
код: 25299171;Пневматический ленточный шлифовальный инструмент Pneutrend 10x330мм 55010;"
    19 003 р.

    ";Нет в наличии;https://spb.vseinstrumenti.ru/product/pnevmaticheskij-lentochnyj-shlifovalnyj-instrument-pneutrend-10x330mm-55010-6953473/
код: 19675756;Пневматическая ленточная шлифмашина TNT-AIR АТ-7010;"
    19 363 р.

    ";Нет в наличии;https://spb.vseinstrumenti.ru/product/pnevmaticheskaya-lentochnaya-shlifmashina-tnt-air-at-7010-2028635/
код: 19675582;Пневматическая ленточная шлифмашина TNT-AIR АТ-7008;"
    15 265 р.

    ";Нет в наличии;https://spb.vseinstrumenti.ru/product/pnevmaticheskaya-lentochnaya-shlifmashina-tnt-air-at-7008-2028637/
код: 19128672;Ленточная пневмошлифмашина BYEMAX BM-7705PR;"
    23 159 р.

    ";Нет в наличии;https://spb.vseinstrumenti.ru/product/lentochnaya-pnevmoshlifmashina-byemax-bm-7705pr-1976582/
код: 15592619;Ленточная шлифмашина Ryobi EBS750 5133002276;"
    4 680 р.

    ";Нет в наличии;https://spb.vseinstrumenti.ru/product/lentochnaya-shlifmashina-ryobi-ebs750-5133002276-786848/
код: 15052944;Ленточная шлифмашина Ryobi EBS800 5133001148;"
    8 928 р.

    ";Нет в наличии;https://spb.vseinstrumenti.ru/product/lentochnaya-shlifmashina-ryobi-ebs800-5133001148-509618/
код: 1166;Ленточная шлифмашина Makita 9911;"
    19 875 р.

    ";Нет в наличии;https://spb.vseinstrumenti.ru/product/lentochnaya-shlifmashina-makita-9911-332/
код: 15926613;Ленточная шлифмашина Stanley SB90;"
    6 512 р.

    ";Нет в наличии;https://spb.vseinstrumenti.ru/product/lentochnaya-shlifmashina-stanley-sb90-1059477/
код: 15546109;Ленточная шлифовальная машина PATRIOT BS 810 110301500;"
    6 190 р.

    ";Нет в наличии;https://spb.vseinstrumenti.ru/product/lentochnaya-shlifovalnaya-mashina-patriot-bs-810-110301500-840763/
код: 15984831;Ленточная шлифовальная машина REDVERG RD-BS85 5022680;"
    5 690 р.

    ";Нет в наличии;https://spb.vseinstrumenti.ru/product/lentochnaya-shlifovalnaya-mashina-redverg-rd-bs85-5022680-1103830/
код: 1113;Ленточный напильник Makita 9031;"
    27 920 р.

    ";Нет в наличии;https://spb.vseinstrumenti.ru/product/lentochnyj-napilnik-makita-9031-1113/
код: 15083137;Ленточная шлифмашина Makita 9911K;"
    17 264 р.

    ";Нет в наличии;https://spb.vseinstrumenti.ru/product/lentochnaya-shlifmashina-makita-9911k-514332/
код: 15477567;Ленточная шлифовальная машина BORT BBS-1010N 93727994;"
    8 213 р.

    ";Нет в наличии;https://spb.vseinstrumenti.ru/product/lentochnaya-shlifovalnaya-mashina-bort-bbs-1010n-93727994-706271/
код: 15702795;Ленточная шлифовальная машина GRAPHITE 800 Вт, лента 75 x 457 мм 59G392;"
    5 437 р.

    ";Нет в наличии;https://spb.vseinstrumenti.ru/product/lentochnaya-shlifovalnaya-mashina-graphite-800-vt-lenta-75-x-457-mm-59g392-850726/
код: 15494862;Ленточная шлифмашина ELITECH МШЛ 900Э;"
    7 790 р.

    ";Нет в наличии;https://spb.vseinstrumenti.ru/product/lentochnaya-shlifmashina-elitech-mshl-900e-715243/
код: 15561754;Шлифователь труб Metabo RBE 15-180 Set до 180мм 602243500;"
    131 229 р.

    ";Нет в наличии;https://spb.vseinstrumenti.ru/product/shlifovatel-trub-metabo-rbe-15-180-set-do-180mm-602243500-775736/
код: 289;Ленточная шлифмашина Bosch GBS 75 AE 0.601.274.708;"
    38 903 р.

    ";Нет в наличии;https://spb.vseinstrumenti.ru/product/lentochnaya-shlifmashina-bosch-gbs-75-ae-0-601-274-708-289/
код: 15561670;Ленточный напильник Metabo BFE 9-20 Set 602244500;"
    93 059 р.

    ";Нет в наличии;https://spb.vseinstrumenti.ru/product/lentochnyj-napilnik-metabo-bfe-9-20-set-602244500-775667/
код: 15422065;Ленточная шлифмашина Bosch GEF 7 E Professional 0.601.8A8.001;"
    89 302 р.

    ";Нет в наличии;https://spb.vseinstrumenti.ru/product/lentochnaya-shlifmashina-bosch-gef-7-e-professional-0-601-8a8-001-683615/
код: 15973556;Ленточная шлифовальная машина CROWN CT13311;"
    7 290 р.

    ";Нет в наличии;https://spb.vseinstrumenti.ru/product/lentochnaya-shlifovalnaya-mashina-crown-ct13311-1089056/
код: 16104840;Ленточная шлифовальная машина Kolner KВS 533x76VM кн533-76вм;"
    6 390 р.

    ";Нет в наличии;https://spb.vseinstrumenti.ru/product/lentochnaya-shlifovalnaya-mashina-kolner-kvs-533x76vm-kn533-76vm-1198245/
код: 15984832;Ленточная шлифовальная машина REDVERG RD-BS110 5022681;"
    6 990 р.

    ";Нет в наличии;https://spb.vseinstrumenti.ru/product/lentochnaya-shlifovalnaya-mashina-redverg-rd-bs110-5022681-1103832/
код: 15261968;Ленточная шлифмашина Bosch PBS 75 AE 0.603.2A1.120;"
    16 353 р.

    ";Нет в наличии;https://spb.vseinstrumenti.ru/product/lentochnaya-shlifmashina-bosch-pbs-75-ae-0-603-2a1-120-550873/
код: 15748315;Шлифователь для труб Metabo RBE 9-60 Set 602183510;"
    104 572 р.

    ";Нет в наличии;https://spb.vseinstrumenti.ru/product/shlifovatel-dlya-trub-metabo-rbe-9-60-set-602183510-871581/
код: 15494861;Ленточная шлифмашина ELITECH МШЛ 1200Э;"
    11 790 р.

    ";Нет в наличии;https://spb.vseinstrumenti.ru/product/lentochnaya-shlifmashina-elitech-mshl-1200e-715239/
код: 1139;Ленточная шлифмашина Makita 9403;"
    35 208 р.

    ";Нет в наличии;https://spb.vseinstrumenti.ru/product/lentochnaya-shlifmashina-makita-9403-1139/
код: 15561671;Ленточный напильник Metabo BFE 9-20 602244000;"
    60 770 р.

    ";Нет в наличии;https://spb.vseinstrumenti.ru/product/lentochnyj-napilnik-metabo-bfe-9-20-602244000-775666/
код: 15512070;Шлифмашина для труб Fein Rs 12-70E 72211350014;"
    169 251 р.

    ";Нет в наличии;https://spb.vseinstrumenti.ru/product/shlifmashina-dlya-trub-fein-rs-12-70e-72211350014-729117/
код: 15780629;Ленточный напильник FLEX TRINO FBE 8-4 140 453455;"
    91 300 р.

    ";Нет в наличии;https://spb.vseinstrumenti.ru/product/lentochnyj-napilnik-flex-trino-fbe-8-4-140-453455-892066/
код: 13675477;Ленточная шлифовальная машина Sturm BS8573;"
    5 890 р.

    ";Нет в наличии;https://spb.vseinstrumenti.ru/product/lentochnaya-shlifovalnaya-mashina-sturm-bs8573-61300/
код: 16311130;Ленточный напильник Fein BF 10-280 E 72280550000;"
    77 650 р.

    ";Нет в наличии;https://spb.vseinstrumenti.ru/product/lentochnyj-napilnik-fein-bf-10-280-e-72280550000-1389580/
код: 13674223;Шлифователь труб Metabo RBE 12-180 Set 602132500;Нет информации;Нет в наличии;https://spb.vseinstrumenti.ru/product/shlifovatel-trub-metabo-rbe-12-180-set-602132500-61340/
код: 13643554;Ленточная шлифовальная машина Калибр ЛШМ-900 00000003541;"
    6 000 р.

    ";Нет в наличии;https://spb.vseinstrumenti.ru/product/lentochnaya-shlifovalnaya-mashina-kalibr-lshm-900-00000003541-53696/
код: 16311541;Ленточная шлифовальная машина INGCO PBS12001;"
    12 420 р.

    ";Нет в наличии;https://spb.vseinstrumenti.ru/product/lentochnaya-shlifovalnaya-mashina-ingco-pbs12001-1389504/
код: 16313556;Ленточная шлифмашина TESLA TS1200 621408;"
    19 029 р.

    ";Нет в наличии;https://spb.vseinstrumenti.ru/product/lentochnaya-shlifmashina-tesla-ts1200-621408-1610290/
код: 16339653;Ленточная шлифовальная машина EDON BS 533/900 1001140111;"
    5 970 р.

    ";Нет в наличии;https://spb.vseinstrumenti.ru/product/lentochnaya-shlifovalnaya-mashina-edon-bs-533-900-1020010103-1417556/
код: 13900845;Ленточная шлифмашина Metabo RBE 12-180 602132510;Нет информации;Нет в наличии;https://spb.vseinstrumenti.ru/product/lentochnaya-shlifmashina-metabo-rbe-12-180-602132510-135455/
код: 15747081;Ленточная шлифмашина P.I.T. МАСТЕР PBS 75-C;"
    5 994 р.

    ";Нет в наличии;https://spb.vseinstrumenti.ru/product/lentochnaya-shlifmashina-p-i-t-master-pbs-75-c-870635/
код: 13643551;Ленточная шлифовальная машина Калибр ЛШМ-750+ 00000001181;"
    6 100 р.

    ";Нет в наличии;https://spb.vseinstrumenti.ru/product/lentochnaya-shlifovalnaya-mashina-kalibr-lshm-750-00000001181-53693/
код: 15703572;Ленточная шлифмашина Milwaukee BS 100 LE 4933385150;"
    62 990 р.

    ";Нет в наличии;https://spb.vseinstrumenti.ru/product/lentochnaya-shlifmashina-milwaukee-bs-100-le-4933385150-888889/
код: 16311173;Ленточный напильник Fein Комплект BF 10-280 E Набор старт 72280551000;"
    91 320 р.

    ";Нет в наличии;https://spb.vseinstrumenti.ru/product/lentochnyj-napilnik-fein-komplekt-bf-10-280-e-nabor-start-72280551000-1389563/
код: 13537922;Ленточная шлифмашина Bosch PBS 7 AE 0603391708;Нет информации;Нет в наличии;https://spb.vseinstrumenti.ru/product/lentochnaya-shlifmashina-bosch-pbs-7-ae-0603391708-54833/
код: 17481138;Комплект FLEX BSE 14-3 INOX Set: ленточная шлифовальная машина для труб + насадка-напильник BF 100 + радио 497398;"
    136 170 р.

    ";Нет в наличии;https://spb.vseinstrumenti.ru/product/komplekt-flex-bse-14-3-inox-set-lentochnaya-shlifovalnaya-mashina-dlya-trub-nasadka-napilnik-bf-100-radio-497398-1895642/
код: 1485;Ленточная шлифмашина Black Decker KA 88;"
    7 490 р.

    ";Нет в наличии;https://spb.vseinstrumenti.ru/product/lentochnaya-shlifmashina-black-decker-ka-88-1485/
код: 13674221;Ленточный напильник Metabo BFE 9-90 Set 602134500;Нет информации;Нет в наличии;https://spb.vseinstrumenti.ru/product/lentochnyj-napilnik-metabo-bfe-9-90-set-602134500-61334/
код: 13537921;Ленточная шлифмашина Bosch PBS 7 A 0603391008;"
    10 126 р.

    ";Нет в наличии;https://spb.vseinstrumenti.ru/product/lentochnaya-shlifmashina-bosch-pbs-7-a-0603391008-52884/
код: 13643555;Ленточная шлифовальная машина Калибр ЛШМ-1200 00000026657;"
    7 010 р.

    ";Нет в наличии;https://spb.vseinstrumenti.ru/product/lentochnaya-shlifovalnaya-mashina-kalibr-lshm-1200-00000026657-53697/
код: 13932716;Ленточная шлифмашина Интерскол ЛШМ-75Э (без струбцины);"
    4 346 р.

    ";Нет в наличии;https://spb.vseinstrumenti.ru/product/lentochnaya-shlifmashina-interskol-lshm-75e-bez-strubtsiny-200585/
код: 15780631;Ленточная шлифовальная машина для труб FLEX TRINOX BRE 8-4 INOX Set 453463;"
    113 400 р.

    ";Нет в наличии;https://spb.vseinstrumenti.ru/product/lentochnaya-shlifovalnaya-mashina-dlya-trub-flex-trinox-bre-8-4-inox-set-453463-896979/
код: 15882553;Сатинировальная машина FLEX BME 14-3 L 433403;"
    48 900 р.

    ";Нет в наличии;https://spb.vseinstrumenti.ru/product/satinirovalnaya-mashina-flex-bme-14-3-l-433403-1663115/
код: 13900843;Ленточный напильник Metabo BFE 9-90 602134510;Нет информации;Нет в наличии;https://spb.vseinstrumenti.ru/product/lentochnyj-napilnik-metabo-bfe-9-90-602134510-135486/
код: 15888737;Ленточная шлифмашина HYUNDAI BS 900 EXPERT;"
    5 489 р.

    ";Нет в наличии;https://spb.vseinstrumenti.ru/product/lentochnaya-shlifmashina-hyundai-bs-900-expert-966008/
код: 16610786;Ленточная шлифовальная машинка HAMMER Flex LSM810 20211;"
    8 114 р.

    ";Нет в наличии;https://spb.vseinstrumenti.ru/product/lentochnaya-shlifovalnaya-mashinka-hammer-flex-lsm810-20211-1767914/
код: 15780630;Ленточная шлифовальная машина для труб FLEX TRINO BRE 8-4 9, комплект 453420;"
    78 600 р.

    ";Нет в наличии;https://spb.vseinstrumenti.ru/product/lentochnaya-shlifovalnaya-mashina-dlya-trub-flex-trino-bre-8-4-9-komplekt-453420-896968/
код: 15549130;Ленточная шлифовальная машина MESSER WS760;Нет информации;Нет в наличии;https://spb.vseinstrumenti.ru/product/lentochnaya-shlifovalnaya-mashina-messer-ws760-763765/
код: 13674320;Ленточная шлифмашина Калибр Мастер ЛШМ-820УЕМ 00000033515;"
    7 332 р.

    ";Нет в наличии;https://spb.vseinstrumenti.ru/product/lentochnaya-shlifmashina-kalibr-master-lshm-820uem-00000033515-91689/
код: 13911104;Ленточная шлифмашина Maktec by Makita MT940;"
    7 901 р.

    ";Нет в наличии;https://spb.vseinstrumenti.ru/product/lentochnaya-shlifmashina-maktec-by-makita-mt940-133433/
код: 15549127;Ленточная шлифовальная машина MESSER WS620;Нет информации;Нет в наличии;https://spb.vseinstrumenti.ru/product/lentochnaya-shlifovalnaya-mashina-messer-ws620-763764/
код: 16182466;Ленточная шлифмашинка FESTOOL MAXI BS 105 E-Set 575768;"
    108 029 р.

    ";Нет в наличии;https://spb.vseinstrumenti.ru/product/lentochnaya-shlifmashinka-festool-maxi-bs-105-e-set-575768-1287885/
код: 19970638;Ручная ленточно-шлифовальная машина Fein GRIT GHB 79032230222;"
    105 412 р.

    ";Нет в наличии;https://spb.vseinstrumenti.ru/product/ruchnaya-lentochno-shlifovalnaya-mashina-fein-grit-ghb-79032230222-2164667/
код: 13686473;Ленточная шлифмашина STURM BS8512;Нет информации;Нет в наличии;https://spb.vseinstrumenti.ru/product/lentochnaya-shlifmashina-sturm-bs8512-92609/
код: 15493505;Ленточная шлифмашина Энергомаш ЛШМ-8511У;Нет информации;Нет в наличии;https://spb.vseinstrumenti.ru/product/lentochnaya-shlifmashina-energomash-lshm-8511u-728648/
код: 15882551;Ленточная и сатинировальная машина FLEX BBE 14-3 110 Set 230/CEE 461504;"
    92 800 р.

    ";Нет в наличии;https://spb.vseinstrumenti.ru/product/lentochnaya-i-satinirovalnaya-mashina-flex-bbe-14-3-110-set-230-cee-461504-959055/
код: 13643553;Ленточная шлифовальная машина Калибр ЛШМ-850Е 00000001182;"
    3 790 р.

    ";Нет в наличии;https://spb.vseinstrumenti.ru/product/lentochnaya-shlifovalnaya-mashina-kalibr-lshm-850e-00000001182-53695/
код: 16178151;Шлифовальная машина для труб Fein RS 10-70 E Набор Старт 72216660000;"
    141 783 р.

    ";Нет в наличии;https://spb.vseinstrumenti.ru/product/shlifovalnaya-mashina-dlya-trub-fein-rs-10-70-e-nabor-start-72216660000-1269494/
код: 16155272;Электронапильник Black&Decker KA902EK-QS;Нет информации;Нет в наличии;https://spb.vseinstrumenti.ru/product/elektronapilnik-black-decker-ka902ek-qs-1247096/
код: 13684735;Ленточная шлифовальная машина Калибр ЛШМ-800ЕР;"
    3 490 р.

    ";Нет в наличии;https://spb.vseinstrumenti.ru/product/lentochnaya-shlifovalnaya-mashina-kalibr-lshm-800er-206036/
код: 13674319;Ленточная шлифмашина Калибр Мастер ЛШМ-810ЕМ 00000032301;Нет информации;Нет в наличии;https://spb.vseinstrumenti.ru/product/lentochnaya-shlifmashina-kalibr-master-lshm-810em-00000032301-91807/
код: 15422082;Шлифовальная машина для труб Bosch GRB 14 CE Professional 0.601.8A9.000;Нет информации;Нет в наличии;https://spb.vseinstrumenti.ru/product/shlifovalnaya-mashina-dlya-trub-bosch-grb-14-ce-professional-0-601-8a9-000-683539/
код: 15501096;Ленточная шлифмашина Einhell BT-BS 850/1 E;"
    3 890 р.

    ";Нет в наличии;https://spb.vseinstrumenti.ru/product/lentochnaya-shlifmashina-einhell-bt-bs-850-1-e-720218/
код: 15559463;Ленточная шлифовальная машина Ставр ЛШМ-1000;Нет информации;Нет в наличии;https://spb.vseinstrumenti.ru/product/lentochnaya-shlifovalnaya-mashina-stavr-lshm-1000-773328/
код: 13643552;Ленточная шлифовальная машина Калибр ЛШМ-800 00000000956;"
    3 000 р.

    ";Нет в наличии;https://spb.vseinstrumenti.ru/product/lentochnaya-shlifovalnaya-mashina-kalibr-lshm-800-00000000956-53694/
код: 15559354;Ленточная шлифовальная машина Kolner KВS 533х76 V;"
    5 020 р.

    ";Нет в наличии;https://spb.vseinstrumenti.ru/product/lentochnaya-shlifovalnaya-mashina-kolner-kvs-533h76-v-773324/
код: 15069656;Ленточная шлифовальная машина PRORAB 7310;Нет информации;Нет в наличии;https://spb.vseinstrumenti.ru/product/lentochnaya-shlifovalnaya-mashina-prorab-7310-509490/
код: 15604675;Ленточная шлифмашина Кратон BS-03 3 05 02 003;"
    4 723 р.

    ";Нет в наличии;https://spb.vseinstrumenti.ru/product/lentochnaya-shlifmashina-kraton-bs-03-3-05-02-003-797240/
код: 13686472;Ленточная шлифмашина STURM BS8511P;Нет информации;Нет в наличии;https://spb.vseinstrumenti.ru/product/lentochnaya-shlifmashina-sturm-bs8511p-92602/
код: 16793989;Ленточно-шлифовальное приспособление Марка ЛШПФ-01 4627198565348;Нет информации;Нет в наличии;https://spb.vseinstrumenti.ru/product/lentochno-shlifovalnoe-prisposoblenie-marka-lshpf-01-4627198565348-1653620/
код: 13535348;Ленточная шлифмашина Metabo BAE 75 600375000;"
    30 199 р.

    ";Нет в наличии;https://spb.vseinstrumenti.ru/product/lentochnaya-shlifmashina-metabo-bae-75-600375000-50725/
код: 16794685;Ленточно-шлифовальное приспособление Марка ЛШПФ-04 4627198565379;Нет информации;Нет в наличии;https://spb.vseinstrumenti.ru/product/lentochno-shlifovalnoe-prisposoblenie-marka-lshpf-04-4627198565379-1653512/
код: 20047678;Ленточная шлифовальная машина BRAIT BBS76/1100S 21.01.038.054;"
    5 460 р.

    ";Нет в наличии;https://spb.vseinstrumenti.ru/product/lentochnaya-shlifovalnaya-mashina-brait-bbs76-1100s-21-01-038-054-2118915/
код: 15895741;Ленточная шлифмашина Dnipro-M ЛШМ-9557Р 79040000;"
    5 088 р.

    ";Нет в наличии;https://spb.vseinstrumenti.ru/product/lentochnaya-shlifmashina-dnipro-m-lshm-9557r-79040000-960971/
код: 16182465;Ленточная шлифмашинка FESTOOL BS 105 E-Plus 575767;"
    72 143 р.

    ";Нет в наличии;https://spb.vseinstrumenti.ru/product/lentochnaya-shlifmashinka-festool-bs-105-e-plus-575767-1287881/
код: 15490248;Ленточная шлифмашина Triton TA1200BS TR201698;Нет информации;Нет в наличии;https://spb.vseinstrumenti.ru/product/lentochnaya-shlifmashina-triton-ta1200bs-tr201698-710258/
код: 15494013;Ленточная шлифмашина DWT BS07-75 V 86689;"
    3 939 р.

    ";Нет в наличии;https://spb.vseinstrumenti.ru/product/lentochnaya-shlifmashina-dwt-bs07-75-v-86689-714711/
код: 15559378;Ленточная шлифовальная машина Kolner KВS 457х76V;"
    3 260 р.

    ";Нет в наличии;https://spb.vseinstrumenti.ru/product/lentochnaya-shlifovalnaya-mashina-kolner-kvs-457h76v-773325/
код: 16182467;Ленточная шлифмашина FESTOOL MAXI BS 75 E-Set 575771;"
    72 328 р.

    ";Нет в наличии;https://spb.vseinstrumenti.ru/product/lentochnaya-shlifmashina-festool-maxi-bs-75-e-set-575771-1287897/
код: 15494012;Ленточная шлифмашина DWT BS07-75 86686;"
    4 545 р.

    ";Нет в наличии;https://spb.vseinstrumenti.ru/product/lentochnaya-shlifmashina-dwt-bs07-75-86686-714710/
код: 16794823;Ленточно-шлифовальное приспособление Марка ЛШПФ-02 4627198565355;Нет информации;Нет в наличии;https://spb.vseinstrumenti.ru/product/lentochno-shlifovalnoe-prisposoblenie-marka-lshpf-02-4627198565355-1653519/
код: 16314873;Ленточная шлифовальная машина Proxxon BS/E PR- 28536;"
    15 610 р.

    ";Нет в наличии;https://spb.vseinstrumenti.ru/product/lentochnaya-shlifovalnaya-mashina-proxxon-bs-e-pr-28536-1407018/
код: 15857423;Ленточная шлифовальная машина Белмаш BS 76/920 03021;Нет информации;Нет в наличии;https://spb.vseinstrumenti.ru/product/lentochnaya-shlifovalnaya-mashina-belmash-bs-76-920-03021-933071/
код: 15780633;Ленточный напильник FLEX FBE 8-140 420530;"
    40 824 р.

    ";Нет в наличии;https://spb.vseinstrumenti.ru/product/lentochnyj-napilnik-flex-fbe-8-140-420530-892063/
код: 15949114;Ленточная шлифмашина Festool MAXI BS 105 E-Plus 575766;"
    88 051 р.

    ";Нет в наличии;https://spb.vseinstrumenti.ru/product/lentochnaya-shlifmashina-festool-maxi-bs-105-e-plus-575766-1069669/
код: 15528319;Ленточная шлифмашина DEWALT DWP 352 VS;"
    26 200 р.

    ";Нет в наличии;https://spb.vseinstrumenti.ru/product/lentochnaya-shlifmashina-dewalt-dwp-352-vs-740908/
код: 16074385;Ленточная шлифмашинка Festool BS 75 E-Plus 575770;"
    47 910 р.

    ";Нет в наличии;https://spb.vseinstrumenti.ru/product/lentochnaya-shlifmashinka-festool-bs-75-e-plus-575770-1251471/
код: 15643034;Ленточношлифовальная машина ДИОЛД МШЛ-1.2Ш 10046060;"
    9 216 р.

    ";Нет в наличии;https://spb.vseinstrumenti.ru/product/lentochnoshlifovalnaya-mashina-diold-mshl-1-2sh-10046060-830770/
код: 16794745;Ленточно-шлифовальное приспособление Марка ЛШПФ-03 4627198565362;Нет информации;Нет в наличии;https://spb.vseinstrumenti.ru/product/lentochno-shlifovalnoe-prisposoblenie-marka-lshpf-03-4627198565362-1653513/
код: 15910967;Ленточная шлифовальная машина VERTO 51G707;"
    5 213 р.

    ";Нет в наличии;https://spb.vseinstrumenti.ru/product/lentochnaya-shlifovalnaya-mashina-verto-51g707-980235/
код: 16012851;Ленточная шлифмашина ТРИГГЕР 20201 тов-183213;"
    5 745 р.

    ";Нет в наличии;https://spb.vseinstrumenti.ru/product/lentochnaya-shlifmashina-trigger-20201-tov-183213-1298429/
код: 16029729;Ленточная шлифовальная машина Kolner KBS 457x76VM кн457-76вбсм;"
    5 310 р.

    ";Нет в наличии;https://spb.vseinstrumenti.ru/product/lentochnaya-shlifovalnaya-mashina-kolner-kbs-457x76vm-kn457-76vbsm-1129356/
код: 15780634;Ленточный напильник FLEX FBE 8-140 Set 420549;"
    49 329 р.

    ";Нет в наличии;https://spb.vseinstrumenti.ru/product/lentochnyj-napilnik-flex-fbe-8-140-set-420549-892064/
код: 15422064;Ленточная шлифмашина Bosch GEF 7 E Professional 0.601.8A8.000;Нет информации;Нет в наличии;https://spb.vseinstrumenti.ru/product/lentochnaya-shlifmashina-bosch-gef-7-e-professional-0-601-8a8-000-683591/
код: 16048537;Ленточная шлифмашина Proxxon BBS/S 28526;"
    20 885 р.

    ";Нет в наличии;https://spb.vseinstrumenti.ru/product/lentochnaya-shlifmashina-proxxon-bbs-s-28526-1153461/
код: 16024555;Ленточная шлифовальная машина Instar ЛШМ 53395;"
    4 406 р.

    ";Нет в наличии;https://spb.vseinstrumenti.ru/product/lentochnaya-shlifovalnaya-mashina-instar-lshm-53395-1135692/
код: 15252860;Ленточная шлифмашина Профи Sturm BS8511V;Нет информации;Нет в наличии;https://spb.vseinstrumenti.ru/product/lentochnaya-shlifmashina-profi-sturm-bs8511v-547305/
код: 1164;Ленточная шлифмашина Makita 9903;"
    22 790 р.

    ";Нет в наличии;https://spb.vseinstrumenti.ru/product/lentochnaya-shlifmashina-makita-9903-1164/
код: 15069657;Ленточная шлифмашина PRORAB 7320;Нет информации;Нет в наличии;https://spb.vseinstrumenti.ru/product/lentochnaya-shlifmashina-prorab-7320-509404/
код: 16024539;Ленточная шлифовальная машина Instar ЛШМ 45709;"
    3 629 р.

    ";Нет в наличии;https://spb.vseinstrumenti.ru/product/lentochnaya-shlifovalnaya-mashina-instar-lshm-45709-1285375/
код: 15069658;Ленточная шлифмашина PRORAB 7330;Нет информации;Нет в наличии;https://spb.vseinstrumenti.ru/product/lentochnaya-shlifmashina-prorab-7330-509413/
код: 15845565;Ленточная шлифмашина MEKKAN MK82605;"
    3 950 р.

    ";Нет в наличии;https://spb.vseinstrumenti.ru/product/lentochnaya-shlifmashina-mekkan-mk82605-919428/
код: 20658910;Ленточно-шлифовальный станок TROTEC PBSS 10-600 4450000001;"
    7 900 р.

    ";Нет в наличии;https://spb.vseinstrumenti.ru/product/lentochno-shlifovalnyj-stanok-trotec-pbss-10-600-4450000001-4721562/
код: 20659432;Ленточная шлифовальная машина TROTEC PBSS 10-800 4450000003;"
    6 900 р.

    ";Нет в наличии;https://spb.vseinstrumenti.ru/product/lentochnaya-shlifovalnaya-mashina-trotec-pbss-10-800-4450000003-2199951/
код: 20658292;Ленточно-шлифовальный станок TROTEC PBSS 10-900 4450000002;"
    8 900 р.

    ";Нет в наличии;https://spb.vseinstrumenti.ru/product/lentochno-shlifovalnyj-stanok-trotec-pbss-10-900-4450000002-4721274/
код: 15949672;Ленточная шлифмашинка Festool MAXI BS 75 E-Plus 575769;"
    56 419 р.

    ";Нет в наличии;https://spb.vseinstrumenti.ru/product/lentochnaya-shlifmashinka-festool-maxi-bs-75-e-plus-575769-1072255/
код: 21783958;Ленточная шлифовальная машина Электроприбор ЛШМ-900Е;"
    5 155 р.

    ";Нет в наличии;https://spb.vseinstrumenti.ru/product/lentochnaya-shlifovalnaya-mashina-elektropribor-lshm-900e-3197192/
код: 25098225;Двухроликовая ленточная шлифовальная машина Манкупер K25-2;"
    16 500 р.

    ";Нет в наличии;https://spb.vseinstrumenti.ru/product/dvuhrolikovaya-lentochnaya-shlifovalnaya-mashina-mankuper-k25-2-6637495/
код: 13350508;Ленточная шлифовальная машина Black Decker KA 86;"
    5 990 р.

    ";Нет в наличии;https://spb.vseinstrumenti.ru/product/lentochnaya-shlifovalnaya-mashina-black-decker-ka-86-42966/
код: 15083136;Ленточная шлифмашина Makita 9910K;"
    13 490 р.

    ";Нет в наличии;https://spb.vseinstrumenti.ru/product/lentochnaya-shlifmashina-makita-9910k-514276/
код: 15930063;Ленточная шлифмашина GRAPHITE 59G394;"
    7 222 р.

    ";Нет в наличии;https://spb.vseinstrumenti.ru/product/lentochnaya-shlifmashina-graphite-59g394-1083059/
код: 15135203;Ленточная шлифмашина FIT BS-650 80571;Нет информации;Нет в наличии;https://spb.vseinstrumenti.ru/product/lentochnaya-shlifmashina-fit-bs-650-80571-534969/
код: 15477880;Ленточная шлифовальная машина STOMER SBS-1000 98290622;"
    4 299 р.

    ";Нет в наличии;https://spb.vseinstrumenti.ru/product/lentochnaya-shlifovalnaya-mashina-stomer-sbs-1000-98290622-707735/
код: 25098189;Трехроликовая ленточная шлифовальная машина для труб Манкупер K16-2;"
    15 300 р.

    ";Нет в наличии;https://spb.vseinstrumenti.ru/product/trehrolikovaya-lentochnaya-shlifovalnaya-mashina-dlya-trub-mankuper-k16-2-6636649/
код: 15493870;Ленточная шлифмашина DWT BS-650 86681;Нет информации;Нет в наличии;https://spb.vseinstrumenti.ru/product/lentochnaya-shlifmashina-dwt-bs-650-86681-714640/
код: 15845566;Ленточная шлифмашина MEKKAN MK 82606;"
    3 290 р.

    ";Нет в наличии;https://spb.vseinstrumenti.ru/product/lentochnaya-shlifmashina-mekkan-mk-82606-919427/
код: 15484870;Ленточная машинка Контрфорс KFP0418;Нет информации;Нет в наличии;https://spb.vseinstrumenti.ru/product/lentochnaya-mashinka-kontrfors-kfp0418-559539/
код: 15135188;Ленточная шлифмашина FIT BS-1010 80573;Нет информации;Нет в наличии;https://spb.vseinstrumenti.ru/product/lentochnaya-shlifmashina-fit-bs-1010-80573-535002/
код: 15453280;Ленточная шлифмашина Энкор ЛМЭ-810/533 50285;Нет информации;Нет в наличии;https://spb.vseinstrumenti.ru/product/lentochnaya-shlifmashina-enkor-lme-810-533-50285-692310/
код: 15942252;Ленточная шлифмашина Stanley STBS720-RU;Нет информации;Нет в наличии;https://spb.vseinstrumenti.ru/product/lentochnaya-shlifmashina-stanley-stbs720-ru-1497391/
код: 15453279;Ленточная шлифмашина Энкор ЛМЭ-720/457 50282;Нет информации;Нет в наличии;https://spb.vseinstrumenti.ru/product/lentochnaya-shlifmashina-enkor-lme-720-457-50282-692300/
код: 16232487;Ленточная шлифовальная машина GRAPHITE 59G395;"
    5 993 р.

    ";Нет в наличии;https://spb.vseinstrumenti.ru/product/lentochnaya-shlifovalnaya-mashina-graphite-59g395-1315247/
код: 16164784;Ленточная шлифмашина Black&Decker KA89EK-QS;"
    9 613 р.

    ";Нет в наличии;https://spb.vseinstrumenti.ru/product/lentochnaya-shlifmashina-black-decker-ka89ek-qs-1258678/
код: 15908633;Ленточная шлифмашина Makita M9400;"
    14 460 р.

    ";Нет в наличии;https://spb.vseinstrumenti.ru/product/lentochnaya-shlifmashina-makita-m9400-973511/
код: 16155260;Электронапильник Black&Decker KA900E-QS;Нет информации;Нет в наличии;https://spb.vseinstrumenti.ru/product/elektronapilnik-black-decker-ka900e-qs-1247163/
код: 15477685;Ленточная шлифовальная машина DEFORT DBS-800N 93720469;Нет информации;Нет в наличии;https://spb.vseinstrumenti.ru/product/lentochnaya-shlifovalnaya-mashina-defort-dbs-800n-93720469-706967/
код: 15477881;Ленточная шлифовальная машина STOMER SBS-860 93727161;Нет информации;Нет в наличии;https://spb.vseinstrumenti.ru/product/lentochnaya-shlifovalnaya-mashina-stomer-sbs-860-93727161-707746/
код: 16505725;Ленточная шлифмашина FIT 80574;"
    6 270 р.

    ";Нет в наличии;https://spb.vseinstrumenti.ru/product/lentochnaya-shlifmashina-fit-80574-1579130/
код: 328;Ленточная шлифмашина Makita 9910;"
    13 531 р.

    ";Нет в наличии;https://spb.vseinstrumenti.ru/product/lentochnaya-shlifmashina-makita-9910-328/
код: 15729040;Ленточная шлифмашина Ryobi EBS1310VFHG 5133000364;"
    16 113 р.

    ";Нет в наличии;https://spb.vseinstrumenti.ru/product/lentochnaya-shlifmashina-ryobi-ebs1310vfhg-5133000364-854971/
код: 319;Ленточная шлифмашина Makita 9404;"
    45 094 р.

    ";Нет в наличии;https://spb.vseinstrumenti.ru/product/lentochnaya-shlifmashina-makita-9404-319/
код: 15135187;Ленточная шлифмашина FIT BS-900 80578;Нет информации;Нет в наличии;https://spb.vseinstrumenti.ru/product/lentochnaya-shlifmashina-fit-bs-900-80578-535022/
код: 16472209;Ленточная шлифмашина HYUNDAI EXPERT BS 910;"
    4 673 р.

    ";Нет в наличии;https://spb.vseinstrumenti.ru/product/lentochnaya-shlifmashina-hyundai-expert-bs-910-1549927/
код: 15642341;Ленточная шлифмашина Ryobi ONE+ R18BS-0 5133002916;"
    10 650 р.

    ";Нет в наличии;https://spb.vseinstrumenti.ru/product/lentochnaya-shlifmashina-ryobi-one-r18bs-0-5133002916-830603/
код: 17137537;Ленточная шлифмашина ELITECH МШЛ 800Э Промо E2213.010.00 198812;"
    4 421 р.

    ";Нет в наличии;https://spb.vseinstrumenti.ru/product/lentochnaya-shlifmashina-elitech-mshl-800e-promo-e2213-010-00-198812-1835123/
код: 20754207;Ленточная пневмошлифмашинка NORDBERG NP4155;"
    4 474 р.

    ";Нет в наличии;https://spb.vseinstrumenti.ru/product/lentochnaya-pnevmoshlifmashinka-nordberg-np4155-2310832/
код: 16314647;Ленточная пневматическая шлифмашина ПНЕВМО-ТРЕЙД PT-BS60260;"
    19 173 р.

    ";Нет в наличии;https://spb.vseinstrumenti.ru/product/lentochnaya-pnevmaticheskaya-shlifmashina-pnevmo-trejd-pt-bs60260-1395237/
код: 16314596;Ленточная пневматическая шлифмашина ПНЕВМО-ТРЕЙД PT-BS30530;"
    20 996 р.

    ";Нет в наличии;https://spb.vseinstrumenti.ru/product/lentochnaya-pnevmaticheskaya-shlifmashina-pnevmo-trejd-pt-bs30530-1395231/
код: 15109862;Аккумуляторная ленточная шлифмашина для труб Metabo RB 18 LTX 60 600192850;"
    83 583 р.

    ";Нет в наличии;https://spb.vseinstrumenti.ru/product/akkumulyatornaya-lentochnaya-shlifmashina-dlya-trub-metabo-rb-18-ltx-60-600192850-539316/
код: 13945662;Аккумуляторный ленточный напильник Metabo BF 18 LTX 600321850;"
    56 603 р.

    ";Нет в наличии;https://spb.vseinstrumenti.ru/product/akkumulyatornyj-lentochnyj-napilnik-metabo-bf-18-ltx-600321850-204303/
код: 16314513;Ленточная пневматическая шлифмашина ПНЕВМО-ТРЕЙД PT-BS10330;"
    6 466 р.

    ";Нет в наличии;https://spb.vseinstrumenti.ru/product/lentochnaya-pnevmaticheskaya-shlifmashina-pnevmo-trejd-pt-bs10330-1395223/
код: 18964284;Напильник для лент RoxelPro 192513;"
    17 914 р.

    ";Нет в наличии;https://spb.vseinstrumenti.ru/product/napilnik-dlya-lent-roxelpro-192513-1970275/
код: 15467762;Ленточный напильник Metabo DBF 457 601559000;"
    30 823 р.

    ";Нет в наличии;https://spb.vseinstrumenti.ru/product/lentochnyj-napilnik-metabo-dbf-457-601559000-706683/
код: 15648195;Пневматический шлифовальный напильник 3М 33573 7100110995;"
    29 560 р.

    ";Нет в наличии;https://spb.vseinstrumenti.ru/product/pnevmaticheskij-shlifovalnyj-napilnik-3m-33573-7100110995-838435/
код: 23359119;Аккумуляторная ленточная шлифмашина Milwaukee FBTS75-502x M18 4933479615;"
    75 990 р.

    ";Нет в наличии;https://spb.vseinstrumenti.ru/product/akkumulyatornaya-lentochnaya-shlifmashina-milwaukee-fbts75-502x-m18-4933479615-5177335/
код: 15456629;Аккумуляторный напильник Metabo BF 18 LTX Set 90 600321880;Нет информации;Нет в наличии;https://spb.vseinstrumenti.ru/product/akkumulyatornyj-napilnik-metabo-bf-18-ltx-set-90-600321880-701672/
код: 23359113;Аккумуляторная ленточная шлифмашина Milwaukee FBTS75-0 M18 4933479614;"
    50 990 р.

    ";Нет в наличии;https://spb.vseinstrumenti.ru/product/akkumulyatornaya-lentochnaya-shlifmashina-milwaukee-fbts75-0-m18-4933479614-5177317/
код: 23359095;Аккумуляторная ленточная шлифмашина Milwaukee BQSS-502B M18 4933479967;"
    56 990 р.

    ";Нет в наличии;https://spb.vseinstrumenti.ru/product/akkumulyatornaya-lentochnaya-shlifmashina-milwaukee-bqss-502b-m18-4933479967-5176393/
код: 16314880;Ленточная шлифовка Proxxon BS/A PR- 29810;"
    27 479 р.

    ";Нет в наличии;https://spb.vseinstrumenti.ru/product/lentochnaya-shlifovka-proxxon-bs-a-pr-29810-1407030/
код: 25299159;Пневматическая ленточная шлифовальная машинка Pneutrend 60x260мм 55060J;"
    35 003 р.

    ";Нет в наличии;https://spb.vseinstrumenti.ru/product/pnevmaticheskaya-lentochnaya-shlifovalnaya-mashinka-pneutrend-60x260mm-55060j-6953461/
код: 15863362;Пневматический мини-напильник Dynabrade 15003;"
    97 450 р.

    ";Нет в наличии;https://spb.vseinstrumenti.ru/product/pnevmaticheskij-mini-napilnik-dynabrade-15003-945720/
код: 15625863;Шлифовальная машинка RODCRAFT 7156 8951072051;"
    34 784 р.

    ";Нет в наличии;https://spb.vseinstrumenti.ru/product/shlifovalnaya-mashinka-rodcraft-7156-8951072051-814059/
код: 26959430;Ленточная шлифовальная машинка EAGLE 20 мм EG708A;"
    35 924 р.

    ";Нет в наличии;https://spb.vseinstrumenti.ru/product/lentochnaya-shlifovalnaya-mashinka-20mm-eagle-eg708a-8033816/
код: 20658358;Ленточно-шлифовальный станок TROTEC PBSS 10-20 V 4450000010;"
    17 500 р.

    ";Нет в наличии;https://spb.vseinstrumenti.ru/product/lentochno-shlifovalnyj-stanok-trotec-pbss-10-20-v-4450000010-4721448/
код: 23140731;Ленточная пневмошлифмашина YATO 20x520мм YT-09742;"
    7 656 р.

    ";Нет в наличии;https://spb.vseinstrumenti.ru/product/lentochnaya-pnevmoshlifmashina-yato-20x520mm-yt-09742-4873386/
код: 23359089;Аккумуляторная ленточная шлифмашина Milwaukee BQSS-0 M18 4933479966;"
    23 990 р.

    ";Нет в наличии;https://spb.vseinstrumenti.ru/product/akkumulyatornaya-lentochnaya-shlifmashina-milwaukee-bqss-0-m18-4933479966-5176399/
код: 15621698;Ленточная шлифовальная машина HAZET 9033-4;"
    27 994 р.

    ";Нет в наличии;https://spb.vseinstrumenti.ru/product/lentochnaya-shlifovalnaya-mashina-hazet-9033-4-808842/
код: 16395332;Ленточная шлифмашина Schneider Airsystems BDS 330-10 DGKD322740;"
    32 260 р.

    ";Нет в наличии;https://spb.vseinstrumenti.ru/product/lentochnaya-shlifmashina-schneider-airsystems-bds-330-10-dgkd322740-1709822/
код: 16314875;Вальцешлифовальная машина Proxxon RBS/A PR- 29830;"
    33 376 р.

    ";Нет в наличии;https://spb.vseinstrumenti.ru/product/valtseshlifovalnaya-mashina-proxxon-rbs-a-pr-29830-1406542/
код: 19847044;Пневмозачистная ленточная машинка Forsage F-SM-6W-6120 7506;"
    15 652 р.

    ";Нет в наличии;https://spb.vseinstrumenti.ru/product/pnevmozachistnaya-lentochnaya-mashinka-forsage-f-sm-6w-6120-7506-2170968/
код: 16340039;Вальцешлифовальная машина Proxxon RBS/A PR- 29832;"
    20 435 р.

    ";Нет в наличии;https://spb.vseinstrumenti.ru/product/valtseshlifovalnaya-mashina-proxxon-rbs-a-pr-29832-1414359/
код: 19675852;Пневматическая ленточная шлифмашина TNT-AIR АТ-7009;"
    12 777 р.

    ";Нет в наличии;https://spb.vseinstrumenti.ru/product/pnevmaticheskaya-lentochnaya-shlifmashina-tnt-air-at-7009-2028636/
код: 15304120;Ленточный шлифовальный пневмоинструмент Kawasaki KPT-520;Нет информации;Нет в наличии;https://spb.vseinstrumenti.ru/product/lentochnyj-shlifovalnyj-pnevmoinstrument-kawasaki-kpt-520-674002/
код: 15595178;Пневматическая ленточная шлифовальная машина MIGHTY SEVEN QB-311;Нет информации;Нет в наличии;https://spb.vseinstrumenti.ru/product/pnevmaticheskaya-lentochnaya-shlifovalnaya-mashina-mighty-seven-qb-311-787339/
код: 21593296;Аккумуляторный ленточный напильник Makita LXT DBS180Z;"
    32 390 р.

    ";Нет в наличии;https://spb.vseinstrumenti.ru/product/akkumulyatornyj-lentochnyj-napilnik-makita-lxt-dbs180z-3104660/
код: 15304119;Ленточный шлифовальный инструмент Kawasaki KPT-370;Нет информации;Нет в наличии;https://spb.vseinstrumenti.ru/product/lentochnyj-shlifovalnyj-instrument-kawasaki-kpt-370-673944/
код: 15118072;Аккумуляторная ленточная шлифмашина для труб Metabo RB 18 LTX 60 Set 18В 600192870;Нет информации;Нет в наличии;https://spb.vseinstrumenti.ru/product/akkumulyatornaya-lentochnaya-shlifmashina-dlya-trub-metabo-rb-18-ltx-60-set-18v-600192870-538916/
код: 13942677;Аккумуляторный ленточный напильник Metabo BF 18 LTX 600321870;Нет информации;Нет в наличии;https://spb.vseinstrumenti.ru/product/akkumulyatornyj-lentochnyj-napilnik-metabo-bf-18-ltx-600321870-204288/
код: 1168;Ленточная шлифмашина Makita 9920;Нет информации;Нет в наличии;https://spb.vseinstrumenti.ru/product/lentochnaya-shlifmashina-makita-9920-1168/
код: 1170;Ленточная шлифмашина Makita 9924 DB;Нет информации;Нет в наличии;https://spb.vseinstrumenti.ru/product/lentochnaya-shlifmashina-makita-9924-db-1170/
код: 1298;Ленточная шлифмашина DEWALT DW 433;Нет информации;Нет в наличии;https://spb.vseinstrumenti.ru/product/lentochnaya-shlifmashina-dewalt-dw-433-1298/
код: 1300;Ленточная шлифмашина DEWALT DW 650 E;Нет информации;Нет в наличии;https://spb.vseinstrumenti.ru/product/lentochnaya-shlifmashina-dewalt-dw-650-e-1300/
код: 2173;Ленточная шлифовальная машина Hitachi SB110;Нет информации;Нет в наличии;https://spb.vseinstrumenti.ru/product/lentochnaya-shlifovalnaya-mashina-hitachi-sb110-2173/
код: 4016;Ленточная шлифмашина Skil 7640 BB;Нет информации;Нет в наличии;https://spb.vseinstrumenti.ru/product/lentochnaya-shlifmashina-skil-7640-bb-4016/
код: 38815;Ленточная шлифмашина Hitachi SB10S2;Нет информации;Нет в наличии;https://spb.vseinstrumenti.ru/product/lentochnaya-shlifmashina-hitachi-sb10s2-38815/
код: 38816;Ленточная шлифовальная машина Hitachi SB10V2;Нет информации;Нет в наличии;https://spb.vseinstrumenti.ru/product/lentochnaya-shlifovalnaya-mashina-hitachi-sb10v2-38816/
код: 38818;Ленточная шлифовальная машина Hitachi SB8V2;Нет информации;Нет в наличии;https://spb.vseinstrumenti.ru/product/lentochnaya-shlifovalnaya-mashina-hitachi-sb8v2-38818/
код: 13447953;Ленточная шлифмашина Skil 7650 AE;Нет информации;Нет в наличии;https://spb.vseinstrumenti.ru/product/lentochnaya-shlifmashina-skil-7650-ae-43559/
код: 43957;Ленточная шлифмашина Skil 7640 MA;Нет информации;Нет в наличии;https://spb.vseinstrumenti.ru/product/lentochnaya-shlifmashina-skil-7640-ma-43957/
код: 13504469;Ленточная шлифмашина Skil 1210 AA;Нет информации;Нет в наличии;https://spb.vseinstrumenti.ru/product/lentochnaya-shlifmashina-skil-1210-aa-44030/
код: 13472741;Ленточная шлифмашина Bosch GBS 75 AE 0601274A01;Нет информации;Нет в наличии;https://spb.vseinstrumenti.ru/product/lentochnaya-shlifmashina-bosch-gbs-75-ae-0601274a01-50543/
код: 13640606;Ленточная шлифмашина Энкор ЛМЭ-750/457 50281;Нет информации;Нет в наличии;https://spb.vseinstrumenti.ru/product/lentochnaya-shlifmashina-enkor-lme-750-457-50281-52335/
код: 13648481;Ленточная шлифмашина Энкор ЛМЭ-750/457, 1/4 50280;Нет информации;Нет в наличии;https://spb.vseinstrumenti.ru/product/lentochnaya-shlifmashina-enkor-lme-750-457-1-4-50280-57505/
код: 13676106;Ленточная шлифовальная машина Skil 7660MA;Нет информации;Нет в наличии;https://spb.vseinstrumenti.ru/product/lentochnaya-shlifovalnaya-mashina-skil-7660ma-61890/
код: 13686541;Ленточная шлифмашина Энергомаш ЛШМ-85730;Нет информации;Нет в наличии;https://spb.vseinstrumenti.ru/product/lentochnaya-shlifmashina-energomash-lshm-85730-91560/
код: 13686542;Ленточная шлифмашина Энергомаш ЛШМ-85800;Нет информации;Нет в наличии;https://spb.vseinstrumenti.ru/product/lentochnaya-shlifmashina-energomash-lshm-85800-91567/
код: 13686538;Ленточная шлифовальная машина Энергомаш ЛШМ-8511П;Нет информации;Нет в наличии;https://spb.vseinstrumenti.ru/product/lentochnaya-shlifovalnaya-mashina-energomash-lshm-8511p-91660/
код: 13686539;Ленточная шлифовальная машина Энергомаш ЛШМ-8511Э;Нет информации;Нет в наличии;https://spb.vseinstrumenti.ru/product/lentochnaya-shlifovalnaya-mashina-energomash-lshm-8511e-91661/
код: 13686540;Ленточная шлифовальная машина Энергомаш ЛШМ-85120;Нет информации;Нет в наличии;https://spb.vseinstrumenti.ru/product/lentochnaya-shlifovalnaya-mashina-energomash-lshm-85120-91669/
код: 13686471;Ленточная шлифмашина STURM BS8511E;Нет информации;Нет в наличии;https://spb.vseinstrumenti.ru/product/lentochnaya-shlifmashina-sturm-bs8511e-92586/
код: 14949069;Ленточная шлифмашина Ryobi 3000345(EBS8021VHG);Нет информации;Нет в наличии;https://spb.vseinstrumenti.ru/product/lentochnaya-shlifmashina-ryobi-3000345-ebs8021vhg-216579/
код: 14949106;Ленточная шлифмашина Ryobi 3000096(EBS8021V);Нет информации;Нет в наличии;https://spb.vseinstrumenti.ru/product/lentochnaya-shlifmashina-ryobi-3000096-ebs8021v-216862/
код: 14952211;Ленточная шлифмашина SPARKY MBS 976;Нет информации;Нет в наличии;https://spb.vseinstrumenti.ru/product/lentochnaya-shlifmashina-sparky-mbs-976-220375/
код: 14952212;Ленточная шлифмашина SPARKY MBS 976E;Нет информации;Нет в наличии;https://spb.vseinstrumenti.ru/product/lentochnaya-shlifmashina-sparky-mbs-976e-220383/
код: 15139822;Ленточная шлифмашина Энергомаш ЛШМ-8511В;Нет информации;Нет в наличии;https://spb.vseinstrumenti.ru/product/lentochnaya-shlifmashina-energomash-lshm-8511v-556176/
код: 13504470;Ленточная шлифовальная машина Skil 1215AA 154399;Нет информации;Нет в наличии;https://spb.vseinstrumenti.ru/product/lentochnaya-shlifovalnaya-mashina-skil-1215aa-154399-662927/
код: 15385847;Ленточная шлифмашина SPARKY MBS 1100;Нет информации;Нет в наличии;https://spb.vseinstrumenti.ru/product/lentochnaya-shlifmashina-sparky-mbs-1100-674719/
код: 15385850;Ленточная шлифмашина SPARKY MBS 1100E;Нет информации;Нет в наличии;https://spb.vseinstrumenti.ru/product/lentochnaya-shlifmashina-sparky-mbs-1100e-674735/
код: 15480812;Ленточная шлифовальная машинка Chicago Pneumatic CP858;Нет информации;Нет в наличии;https://spb.vseinstrumenti.ru/product/lentochnaya-shlifovalnaya-mashinka-chicago-pneumatic-cp858-708655/
код: 15501167;Ленточная шлифмашина Einhell RT-BS 75;Нет информации;Нет в наличии;https://spb.vseinstrumenti.ru/product/lentochnaya-shlifmashina-einhell-rt-bs-75-720376/
код: 15520843;Ленточная шлифовальная машина SKIL 1210LA F0151210LA;Нет информации;Нет в наличии;https://spb.vseinstrumenti.ru/product/lentochnaya-shlifovalnaya-mashina-skil-1210la-f0151210la-736660/
код: 15520844;Ленточная шлифовальная машина SKIL 1215LA F0151215LA;Нет информации;Нет в наличии;https://spb.vseinstrumenti.ru/product/lentochnaya-shlifovalnaya-mashina-skil-1215la-f0151215la-736822/
код: 15521936;Ленточная шлифовальная машина SKIL 7660NA F0157660NA;Нет информации;Нет в наличии;https://spb.vseinstrumenti.ru/product/lentochnaya-shlifovalnaya-mashina-skil-7660na-f0157660na-739752/
код: 15520845;Ленточная шлифовальная машина SKIL 1220NA F0151220NA;Нет информации;Нет в наличии;https://spb.vseinstrumenti.ru/product/lentochnaya-shlifovalnaya-mashina-skil-1220na-f0151220na-739753/
код: 15532375;Аккумуляторная ленточная шлифмашина для труб Metabo  RB 18 LTX 60 Set 600192880;Нет информации;Нет в наличии;https://spb.vseinstrumenti.ru/product/akkumulyatornaya-lentochnaya-shlifmashina-dlya-trub-metabo-rb-18-ltx-60-set-600192880-742626/
код: 15560802;Шлифмашина Stanley STBS720;Нет информации;Нет в наличии;https://spb.vseinstrumenti.ru/product/shlifmashina-stanley-stbs720-774452/
код: 16387883;Ленточная шлифовальная машина Kamasa Tools K 9817;Нет информации;Нет в наличии;https://spb.vseinstrumenti.ru/product/lentochnaya-shlifovalnaya-mashina-kamasa-tools-k-9817-1435617/
